{"version": "4.5.6", "flags": {}, "shapes": [{"label": "\u51b2\u5242_\u96c0\u5de2\u5496\u5561\u7edd\u5bf9\u6df1\u9ed1", "points": [[1285.001928, 3287.001312], [1953.0005039999999, 3856.001184]], "group_id": null, "shape_type": "rectangle", "flags": {}}, {"label": "\u996e\u54c1_\u4f9d\u80fd\u82cf\u6253\u6c34", "points": [[6.999048000000075, 2906.999424], [1046.000088, 3685.9979519999997]], "group_id": null, "shape_type": "rectangle", "flags": {}}, {"label": "\u81a8\u5316\u98df\u54c1_\u65fa\u65fa\u5c0f\u5c0f\u9165", "points": [[372.998304, 149.99846400000004], [1555.9992000000002, 1282.9985279999999]], "group_id": null, "shape_type": "rectangle", "flags": {}}, {"label": "\u996e\u54c1_\u519c\u592b\u5c71\u6cc9\u8309\u8389\u82b1\u8336", "points": [[1518.999048, 2586.999744], [2244.000024, 3218.999616]], "group_id": null, "shape_type": "rectangle", "flags": {}}, {"label": "\u81a8\u5316\u98df\u54c1_\u597d\u53cb\u8da3\u85af\u7247\u888b\u88c5", "points": [[0.0, 1620.001152], [1279.0008, 3137.0008320000006]], "group_id": null, "shape_type": "rectangle", "flags": {}}, {"label": "\u7cd6\u679c_\u65fa\u4ed4QQ\u7cd6", "points": [[1931.998824, 1885.9982399999997], [2601.9992880000004, 2428.999776]], "group_id": null, "shape_type": "rectangle", "flags": {}}, {"label": "\u5e72\u679c_\u6d3d\u6d3d\u55e8\u74dc\u5b50", "points": [[1247.0008320000002, 645.001056], [2320.000704, 1864.9995839999997]], "group_id": null, "shape_type": "rectangle", "flags": {}}], "imagePath": "2024-01-21 155928.jpg", "imageData": null, "imageHeight": 4032, "imageWidth": 3024}