{"version": "4.5.6", "flags": {}, "shapes": [{"label": "\u6ce1\u9762_\u767d\u8c61\u91d1\u6c64\u80a5\u725b", "points": [[1525.0001759999998, 371.998368], [2353.999536, 1193.998176]], "group_id": null, "shape_type": "rectangle", "flags": {}}, {"label": "\u7cd6\u679c_\u597d\u4e3d\u53cb\u9999\u6a59\u7cd6", "points": [[1357.0003439999998, 1556.001216], [2056.998888, 2331.999936]], "group_id": null, "shape_type": "rectangle", "flags": {}}, {"label": "\u8c03\u5473\u54c1_\u4ea8\u6c0f\u756a\u8304\u6c99\u53f8", "points": [[89.000856, 2236.999968], [913.001544, 3409.001568]], "group_id": null, "shape_type": "rectangle", "flags": {}}, {"label": "\u6ce1\u9762_\u7edf\u4e00\u6d77\u9c9c\u62c9\u9762", "points": [[922.0009680000001, 2236.000032], [1714.999608, 2942.9991359999995]], "group_id": null, "shape_type": "rectangle", "flags": {}}, {"label": "\u7cd6\u679c_\u65fa\u4ed4\u725b\u5976\u7cd6", "points": [[1149.0005520000002, 2484.0002880000006], [2412.001368, 3685.000032]], "group_id": null, "shape_type": "rectangle", "flags": {}}, {"label": "\u8c03\u5473\u54c1_\u897f\u658b\u8bb0\u6cb9\u918b\u6c41", "points": [[716.99796, 1077.997536], [1217.99916, 1876.9988160000003]], "group_id": null, "shape_type": "rectangle", "flags": {}}], "imagePath": "2024-01-21 165337.jpg", "imageData": null, "imageHeight": 4032, "imageWidth": 3024}