{"version": "4.5.6", "flags": {}, "shapes": [{"label": "\u53e3\u9999\u7cd6_\u7eff\u7bad\u6da6\u5589\u7cd6", "points": [[1777.00068, 2511.000576], [2180.0000880000002, 3008.001024]], "group_id": null, "shape_type": "rectangle", "flags": {}}, {"label": "\u7cd6\u679c_\u5f69\u8679\u7cd6\u888b\u88c5", "points": [[858.9989520000001, 2717.999424], [1601.998776, 3589.0001279999997]], "group_id": null, "shape_type": "rectangle", "flags": {}}, {"label": "\u751c\u54c1_\u8da3\u591a\u591a\u8f6f\u997c\u5e72", "points": [[208.9992239999999, 587.000736], [1559.00052, 1411.000416]], "group_id": null, "shape_type": "rectangle", "flags": {}}, {"label": "\u8c03\u5473\u54c1_\u6854\u5b50\u6811\u7cbe\u5236\u6d77\u76d0", "points": [[470.000664, 1456.997472], [1329.001128, 2504.998944]], "group_id": null, "shape_type": "rectangle", "flags": {}}, {"label": "\u5e72\u679c_\u6b63\u6797\u8475\u82b1\u5b50", "points": [[1389.9997440000002, 1151.998848], [2439.0011520000003, 2517.0001919999995]], "group_id": null, "shape_type": "rectangle", "flags": {}}, {"label": "\u679c\u5e72_\u6e9c\u6e9c\u6885\u7eff", "points": [[2.000375999999944, 2596.001184], [1021.00068, 3556.000224]], "group_id": null, "shape_type": "rectangle", "flags": {}}], "imagePath": "2024-01-21 165623.jpg", "imageData": null, "imageHeight": 4032, "imageWidth": 3024}