{"version": "4.5.6", "flags": {}, "shapes": [{"label": "\u8c03\u5473\u54c1_\u897f\u658b\u8bb0\u6cb9\u918b\u6c41", "points": [[330.99948, 2911.0011839999997], [797.9988240000001, 3882.999456]], "group_id": null, "shape_type": "rectangle", "flags": {}}, {"label": "\u679c\u5e72_\u9648\u76ae", "points": [[1344.000168, 1503.000576], [2063.0015280000002, 2623.0014720000004]], "group_id": null, "shape_type": "rectangle", "flags": {}}, {"label": "\u5e72\u679c_\u9752\u8c4c\u8c46", "points": [[322.0000559999999, 1391.9996160000003], [1387.999368, 2903.999616]], "group_id": null, "shape_type": "rectangle", "flags": {}}, {"label": "\u6ce1\u9762_\u767d\u8c61\u91d1\u6c64\u80a5\u725b", "points": [[2017.9998719999999, 2828.000448], [2942.999136, 3720.999744]], "group_id": null, "shape_type": "rectangle", "flags": {}}, {"label": "\u679c\u5e72_\u5c71\u6942\u5757", "points": [[765.9988559999999, 2843.999424], [1956.998232, 3872.9980799999994]], "group_id": null, "shape_type": "rectangle", "flags": {}}, {"label": "\u5de7\u514b\u529b_\u4e5d\u4e5d\u9ed1\u5de7", "points": [[1192.0003199999999, 532.000224], [1930.999392, 1334.001312]], "group_id": null, "shape_type": "rectangle", "flags": {}}, {"label": "\u7eb8\u5dfe_\u7eb8\u5dfe", "points": [[454.9986, 735.001344], [996.9991919999999, 1243.001088]], "group_id": null, "shape_type": "rectangle", "flags": {}}], "imagePath": "2024-04-23 201333.jpg", "imageData": null, "imageHeight": 3024, "imageWidth": 4032}