{"version": "4.5.6", "flags": {}, "shapes": [{"label": "\u6d17\u6f31\u7528\u54c1_\u8212\u80a4\u4f73\u9999\u7682", "points": [[240.99919200000005, 2696.000832], [692.999496, 3315.0015359999998]], "group_id": null, "shape_type": "rectangle", "flags": {}}, {"label": "\u5de7\u514b\u529b_\u5065\u8fbe\u5de7\u514b\u529b", "points": [[1616.999328, 2978.0009280000004], [2172.998016, 3550.000608]], "group_id": null, "shape_type": "rectangle", "flags": {}}, {"label": "\u751c\u54c1_\u8da3\u591a\u591a\u8f6f\u997c\u5e72", "points": [[1671.99984, 1386.0], [2619.9996479999995, 2532.999168]], "group_id": null, "shape_type": "rectangle", "flags": {}}, {"label": "\u7cd6\u679c_\u597d\u4e3d\u53cb\u9999\u6a59\u7cd6", "points": [[1926.99864, 2456.997984], [2653.99848, 3124.999584]], "group_id": null, "shape_type": "rectangle", "flags": {}}, {"label": "\u7f50\u5934_\u54c7\u54c8\u54c8\u6842\u5706\u83b2\u5b50\u7ca5", "points": [[231.000336, 683.99856], [975.9990240000001, 1508.9981759999998]], "group_id": null, "shape_type": "rectangle", "flags": {}}, {"label": "\u53e3\u9999\u7cd6_\u7eff\u7bad\u6da6\u5589\u7cd6", "points": [[545.9998320000001, 2048.9980896], [1088.000424, 2419.9981344]], "group_id": null, "shape_type": "rectangle", "flags": {}}, {"label": "\u81a8\u5316\u98df\u54c1_\u4e50\u4e8b\u85af\u7247\u6876\u88c5", "points": [[963.0018719999999, 2423.9980799999994], [1795.00104, 3654.0]], "group_id": null, "shape_type": "rectangle", "flags": {}}, {"label": "\u7cd6\u679c_\u65fa\u4ed4\u725b\u5976\u7cd6", "points": [[829.9987919999999, 748.000512], [2182.9998960000003, 2156.9990399999997]], "group_id": null, "shape_type": "rectangle", "flags": {}}], "imagePath": "2024-01-21 172020.jpg", "imageData": null, "imageHeight": 4032, "imageWidth": 3024}