{"version": "4.5.6", "flags": {}, "shapes": [{"label": "\u725b\u5976_\u5b89\u6155\u5e0c", "points": [[137.000808, 2256.9998976], [490.0014, 2658.0000384]], "group_id": null, "shape_type": "rectangle", "flags": {}}, {"label": "\u81a8\u5316\u98df\u54c1_\u65fa\u65fa\u5c0f\u5c0f\u9165", "points": [[1522.9997999999998, 1229.997888], [2620.00116, 2106.9982080000004]], "group_id": null, "shape_type": "rectangle", "flags": {}}, {"label": "\u5e72\u679c_\u8001\u5014\u53a8\u9ebb\u8fa3\u82b1\u751f", "points": [[1929.9999599999999, 1743.0013439999998], [2733.9999119999998, 2772.999936]], "group_id": null, "shape_type": "rectangle", "flags": {}}, {"label": "\u81a8\u5316\u98df\u54c1_\u597d\u53cb\u8da3\u85af\u7247\u888b\u88c5", "points": [[174.99887999999993, 462.000672], [1762.000128, 1893.001824]], "group_id": null, "shape_type": "rectangle", "flags": {}}, {"label": "\u8c03\u5473\u54c1_\u674e\u76d0", "points": [[29.999591999999996, 3096.997344], [1124.999064, 4010.9993280000003]], "group_id": null, "shape_type": "rectangle", "flags": {}}, {"label": "\u8c03\u5473\u54c1_\u675e\u53c2\u9ed1\u80e1\u6912\u7c89", "points": [[1476.000792, 2816.001216], [2469.000744, 3932.002368]], "group_id": null, "shape_type": "rectangle", "flags": {}}, {"label": "\u51b2\u5242_\u7687\u5473\u9ed1\u829d\u9ebb\u7cca", "points": [[495.999504, 1778.99904], [1839.99816, 3429.9982080000004]], "group_id": null, "shape_type": "rectangle", "flags": {}}], "imagePath": "2024-01-21 155252.jpg", "imageData": null, "imageHeight": 4032, "imageWidth": 3024}