{"version": "4.5.6", "flags": {}, "shapes": [{"label": "\u725b\u5976_\u5496\u5561\u725b\u5976", "points": [[1035.998208, 179.00064], [1770.9995519999998, 1041.00192]], "group_id": null, "shape_type": "rectangle", "flags": {}}, {"label": "\u6587\u5177_\u4e2d\u6027\u7b14", "points": [[639.00144, 1703.9977920000001], [1244.001024, 3018.998304]], "group_id": null, "shape_type": "rectangle", "flags": {}}, {"label": "\u53e3\u9999\u7cd6_five5\u897f\u74dc\u5473\u53e3\u9999\u7cd6", "points": [[1790.998776, 720.000288], [2309.998824, 1300.9993920000002]], "group_id": null, "shape_type": "rectangle", "flags": {}}, {"label": "\u751c\u54c1_\u8da3\u591a\u591a\u8f6f\u997c\u5e72", "points": [[446.000688, 590.0005440000001], [1839.0002399999998, 1763.0020800000002]], "group_id": null, "shape_type": "rectangle", "flags": {}}, {"label": "\u53e3\u9999\u7cd6_\u7eff\u7bad\u6da6\u5589\u7cd6", "points": [[1351.998648, 1902.999168], [1986.9993359999999, 2432.997504]], "group_id": null, "shape_type": "rectangle", "flags": {}}], "imagePath": "2024-01-25 171815.jpg", "imageData": null, "imageHeight": 4032, "imageWidth": 3024}