{"version": "4.5.6", "flags": {}, "shapes": [{"label": "\u51b2\u5242_\u96c0\u5de2\u5496\u5561\u7edd\u5bf9\u6df1\u9ed1", "points": [[1922.9994, 1625.000832], [2651.0001840000004, 2400.9995519999998]], "group_id": null, "shape_type": "rectangle", "flags": {}}, {"label": "\u81a8\u5316\u98df\u54c1_\u65fa\u65fa\u5c0f\u5c0f\u9165", "points": [[969.9994080000001, 1661.000544], [2103.999408, 2964.0018239999995]], "group_id": null, "shape_type": "rectangle", "flags": {}}, {"label": "\u725b\u5976_\u5b89\u6155\u5e0c", "points": [[1111.000968, 501.000192], [1790.000856, 1103.001984]], "group_id": null, "shape_type": "rectangle", "flags": {}}, {"label": "\u7cd6\u679c_\u65fa\u4ed4QQ\u7cd6", "points": [[1780.99992, 2616.99984], [2560.000464, 3326.998752]], "group_id": null, "shape_type": "rectangle", "flags": {}}, {"label": "\u6ce1\u9762_\u5e78\u8fd0\u5c0f\u718a\u9178\u8fa3\u7c89", "points": [[1770.0001199999997, 696.999744], [2716.001064, 1578.999744]], "group_id": null, "shape_type": "rectangle", "flags": {}}], "imagePath": "2024-01-21 152604.jpg", "imageData": null, "imageHeight": 4032, "imageWidth": 3024}