{"version": "4.5.6", "flags": {}, "shapes": [{"label": "\u7cd6\u679c_\u5f69\u8679\u7cd6\u7f50\u88c5", "points": [[1718.998848, 2331.0014112], [2180.9995200000003, 2538.0014687999997]], "group_id": null, "shape_type": "rectangle", "flags": {}}, {"label": "\u6ce1\u9762_\u767d\u8c61\u91d1\u6c64\u80a5\u725b", "points": [[1354.000536, 2414.9986559999998], [2289.000168, 3395.000448]], "group_id": null, "shape_type": "rectangle", "flags": {}}, {"label": "\u6d17\u6f31\u7528\u54c1_\u529b\u58eb\u9999\u7682", "points": [[947.9982960000001, 1995.999264], [1489.998888, 2433.999456]], "group_id": null, "shape_type": "rectangle", "flags": {}}, {"label": "\u53e3\u9999\u7cd6_five5\u897f\u74dc\u5473\u53e3\u9999\u7cd6", "points": [[1828.00044, 1853.0003519999998], [2289.000168, 2319.998688]], "group_id": null, "shape_type": "rectangle", "flags": {}}, {"label": "\u6ce1\u9762_\u7edf\u4e00\u6d77\u9c9c\u62c9\u9762", "points": [[653.998968, 2946.99888], [1349.999784, 3750.9998400000004]], "group_id": null, "shape_type": "rectangle", "flags": {}}, {"label": "\u8c03\u5473\u54c1_\u897f\u658b\u8bb0\u6cb9\u918b\u6c41", "points": [[1003.9982399999999, 1195.998048], [1776.9991679999998, 1625.998752]], "group_id": null, "shape_type": "rectangle", "flags": {}}, {"label": "\u7cd6\u679c_\u5f69\u8679\u7cd6\u888b\u88c5", "points": [[0.0, 1733.997888], [808.0007039999999, 2584.9998720000003]], "group_id": null, "shape_type": "rectangle", "flags": {}}, {"label": "\u725b\u5976_\u65fa\u4ed4\u725b\u5976", "points": [[1789.999344, 963.998784], [2394.998928, 1477.9981440000001]], "group_id": null, "shape_type": "rectangle", "flags": {}}, {"label": "\u7f50\u5934_\u54c7\u54c8\u54c8\u6728\u7cd6\u9187\u7ca5", "points": [[529.9983359999999, 385.001568], [1328.999616, 965.0007360000001]], "group_id": null, "shape_type": "rectangle", "flags": {}}], "imagePath": "2024-01-21 171515.jpg", "imageData": null, "imageHeight": 4032, "imageWidth": 3024}