{"version": "4.5.6", "flags": {}, "shapes": [{"label": "\u679c\u5e72_\u6e9c\u6e9c\u6885\u7eff", "points": [[1623.000456, 1967.99904], [2409.00156, 2846.999232]], "group_id": null, "shape_type": "rectangle", "flags": {}}, {"label": "\u7cd6\u679c_\u5f69\u8679\u7cd6\u888b\u88c5", "points": [[798.998256, 2093.9990399999997], [1324.9988640000001, 2860.998336]], "group_id": null, "shape_type": "rectangle", "flags": {}}, {"label": "\u6ce1\u9762_\u767d\u8c61\u91d1\u6c64\u80a5\u725b", "points": [[1008.9999359999999, 2600.000928], [1869.999264, 3527.0020799999998]], "group_id": null, "shape_type": "rectangle", "flags": {}}, {"label": "\u8c03\u5473\u54c1_\u6854\u5b50\u6811\u7cbe\u5236\u6d77\u76d0", "points": [[486.9985680000001, 422.9991360000001], [1214.999352, 1478.00016]], "group_id": null, "shape_type": "rectangle", "flags": {}}, {"label": "\u5de7\u514b\u529b_\u5065\u8fbe\u5de7\u514b\u529b", "points": [[1318.001328, 1539.998208], [1923.0009120000002, 2142.999936]], "group_id": null, "shape_type": "rectangle", "flags": {}}, {"label": "\u7f50\u5934_\u54c7\u54c8\u54c8\u6842\u5706\u83b2\u5b50\u7ca5", "points": [[-0.0015119999999595457, 2625.999264], [814.999752, 3325.998816]], "group_id": null, "shape_type": "rectangle", "flags": {}}, {"label": "\u7cd6\u679c_\u65fa\u4ed4\u725b\u5976\u7cd6", "points": [[1580.9986079999999, 470.002176], [2612.999088, 1743.001344]], "group_id": null, "shape_type": "rectangle", "flags": {}}], "imagePath": "2024-01-21 170924.jpg", "imageData": null, "imageHeight": 4032, "imageWidth": 3024}