{"version": "4.5.6", "flags": {}, "shapes": [{"label": "\u6ce1\u9762_\u5e78\u8fd0\u5c0f\u718a\u9178\u8fa3\u7c89", "points": [[810.0010799999999, 188.00208], [1823.001768, 1151.0009280000002]], "group_id": null, "shape_type": "rectangle", "flags": {}}, {"label": "\u996e\u54c1_\u519c\u592b\u5c71\u6cc9\u8309\u8389\u82b1\u8336", "points": [[572.999616, 2014.0001279999997], [1706.999616, 3015.000576]], "group_id": null, "shape_type": "rectangle", "flags": {}}, {"label": "\u7cd6\u679c_\u65fa\u4ed4QQ\u7cd6", "points": [[1066.0008240000002, 1635.998112], [2033.0004239999998, 2553.99984]], "group_id": null, "shape_type": "rectangle", "flags": {}}, {"label": "\u8c03\u5473\u54c1_\u675e\u53c2\u8fa3\u6839", "points": [[1379.999376, 2711.9998080000005], [2153.000304, 3471.9995519999998]], "group_id": null, "shape_type": "rectangle", "flags": {}}, {"label": "\u8c03\u5473\u54c1_\u674e\u76d0", "points": [[1758.0008879999998, 1119.99888], [2858.999976, 2217.997152]], "group_id": null, "shape_type": "rectangle", "flags": {}}], "imagePath": "2024-01-21 153538.jpg", "imageData": null, "imageHeight": 4032, "imageWidth": 3024}