{"version": "4.5.6", "flags": {}, "shapes": [{"label": "\u996e\u54c1_\u519c\u592b\u5c71\u6cc9\u8309\u8389\u82b1\u8336", "points": [[1522.0003680000002, 927.0011519999999], [2661.999984, 1708.999488]], "group_id": null, "shape_type": "rectangle", "flags": {}}, {"label": "\u5de7\u514b\u529b_\u5de7\u514b\u529b\u7eff", "points": [[31.99996799999994, 1085.00112], [991.999008, 1795.000032]], "group_id": null, "shape_type": "rectangle", "flags": {}}, {"label": "\u751c\u54c1_\u5965\u5229\u5965\u8ff7\u4f60\u53ef\u53ef\u9165", "points": [[1937.00052, 1781.9988480000002], [2816.00172, 2384.0006399999997]], "group_id": null, "shape_type": "rectangle", "flags": {}}, {"label": "\u8c03\u5473\u54c1_\u674e\u76d0", "points": [[424.001088, 2154.0012479999996], [1349.000352, 3251.99952]], "group_id": null, "shape_type": "rectangle", "flags": {}}, {"label": "\u725b\u5976_\u8c46\u5976", "points": [[1195.000128, 623.0004479999999], [1654.998912, 1521.99936]], "group_id": null, "shape_type": "rectangle", "flags": {}}, {"label": "\u6ce1\u9762_\u5e78\u8fd0\u5c0f\u718a\u9178\u8fa3\u7c89", "points": [[1697.00076, 2317.000896], [2597.0006160000003, 3066.0013440000002]], "group_id": null, "shape_type": "rectangle", "flags": {}}], "imagePath": "2024-01-22 163930.jpg", "imageData": null, "imageHeight": 4032, "imageWidth": 3024}