{"version": "4.5.6", "flags": {}, "shapes": [{"label": "\u7cd6\u679c_\u65fa\u4ed4QQ\u7cd6", "points": [[1237.999896, 1754.0006400000002], [2105.999784, 2500.00128]], "group_id": null, "shape_type": "rectangle", "flags": {}}, {"label": "\u8c03\u5473\u54c1_\u675e\u53c2\u8fa3\u6839", "points": [[1389.0003120000001, 2710.9998720000003], [2149.001064, 3471.9995519999998]], "group_id": null, "shape_type": "rectangle", "flags": {}}, {"label": "\u6ce1\u9762_\u5e78\u8fd0\u5c0f\u718a\u9178\u8fa3\u7c89", "points": [[514.001376, 2480.998464], [1401.001056, 3472.999488]], "group_id": null, "shape_type": "rectangle", "flags": {}}, {"label": "\u8c03\u5473\u54c1_\u674e\u76d0", "points": [[1732.9999679999999, 1113.999264], [2846.001312, 2210.9976]], "group_id": null, "shape_type": "rectangle", "flags": {}}, {"label": "\u679c\u5e72_\u6e9c\u6e9c\u6885\u7c89", "points": [[434.9993759999999, 1093.0006079999998], [1475.9992799999998, 2137.002336]], "group_id": null, "shape_type": "rectangle", "flags": {}}], "imagePath": "2024-01-21 153510.jpg", "imageData": null, "imageHeight": 4032, "imageWidth": 3024}