{"version": "4.5.6", "flags": {}, "shapes": [{"label": "\u7cd6\u679c_\u65fa\u4ed4QQ\u7cd6", "points": [[1940.000328, 1669.999968], [2566.001592, 2479.000608]], "group_id": null, "shape_type": "rectangle", "flags": {}}, {"label": "\u6d17\u6f31\u7528\u54c1_\u6d17\u624b\u6db2", "points": [[1265.001192, 1644.9995520000002], [1892.000376, 2391.000192]], "group_id": null, "shape_type": "rectangle", "flags": {}}, {"label": "\u8c03\u5473\u54c1_\u9171\u6cb9", "points": [[1313.001144, 2654.9994239999996], [2216.000808, 3405.999744]], "group_id": null, "shape_type": "rectangle", "flags": {}}, {"label": "\u679c\u5e72_\u5c71\u6942\u5757", "points": [[1719.00036, 828.0014400000001], [2938.999896, 1785.0006720000001]], "group_id": null, "shape_type": "rectangle", "flags": {}}, {"label": "\u679c\u5e72_\u6c34\u6676\u67e0\u6aac\u7247", "points": [[2.9998079999999785, 1110.001536], [1302.999264, 2518.0001279999997]], "group_id": null, "shape_type": "rectangle", "flags": {}}, {"label": "\u679c\u5e72_\u6e9c\u6e9c\u6885\u7c89", "points": [[838.9982160000001, 504.0020160000001], [1845.999288, 1461.001248]], "group_id": null, "shape_type": "rectangle", "flags": {}}], "imagePath": "2024-01-22 164721.jpg", "imageData": null, "imageHeight": 4032, "imageWidth": 3024}