{"version": "4.5.6", "flags": {}, "shapes": [{"label": "\u996e\u54c1_\u6930\u6811\u6930\u6c41", "points": [[1942.000704, 795.999456], [2468.999232, 1258.9980480000002]], "group_id": null, "shape_type": "rectangle", "flags": {}}, {"label": "\u51b2\u5242_\u7687\u5473\u9ed1\u829d\u9ebb\u7cca", "points": [[0.0, 156.00009599999996], [1805.0014079999999, 1834.0015680000001]], "group_id": null, "shape_type": "rectangle", "flags": {}}, {"label": "\u8c03\u5473\u54c1_\u675e\u53c2\u8fa3\u6839", "points": [[2240.000784, 1379.000448], [2542.999536, 2110.002048]], "group_id": null, "shape_type": "rectangle", "flags": {}}, {"label": "\u7f50\u5934_\u559c\u591a\u591a\u67b8\u675e\u7ca5", "points": [[1655.9998560000001, 479.99952], [2202.0012, 1050.9992639999998]], "group_id": null, "shape_type": "rectangle", "flags": {}}, {"label": "\u81a8\u5316\u98df\u54c1_\u597d\u53cb\u8da3\u85af\u7247\u888b\u88c5", "points": [[490.0014, 2409.998976], [1905.0005519999997, 3947.997312]], "group_id": null, "shape_type": "rectangle", "flags": {}}, {"label": "\u8c03\u5473\u54c1_\u675e\u53c2\u9ed1\u80e1\u6912\u7c89", "points": [[1795.99896, 2635.9986239999994], [2676.999024, 3307.999968]], "group_id": null, "shape_type": "rectangle", "flags": {}}, {"label": "\u679c\u5e72_\u6c34\u6676\u67e0\u6aac\u7247", "points": [[428.99976, 1621.0010880000002], [1664.9992799999998, 2649.9997440000006]], "group_id": null, "shape_type": "rectangle", "flags": {}}, {"label": "\u725b\u5976_\u8499\u725b\u76d2\u88c5", "points": [[0.0, 2397.999744], [630.9999359999999, 3148.000128]], "group_id": null, "shape_type": "rectangle", "flags": {}}, {"label": "\u5e72\u679c_\u8001\u5014\u53a8\u9ebb\u8fa3\u82b1\u751f", "points": [[1624.99932, 1647.0014399999998], [2254.000392, 2701.002528]], "group_id": null, "shape_type": "rectangle", "flags": {}}], "imagePath": "2024-01-21 162913.jpg", "imageData": null, "imageHeight": 4032, "imageWidth": 3024}