{"version": "4.5.6", "flags": {}, "shapes": [{"label": "\u6ce1\u9762_\u7ea2\u70e7\u725b\u8089\u9762", "points": [[1107.0002160000001, 2690.0012159999997], [2120.998824, 3808.00224]], "group_id": null, "shape_type": "rectangle", "flags": {}}, {"label": "\u751c\u54c1_\u5de7\u514b\u529b\u6d3e", "points": [[551.0000160000001, 187.0001279999999], [1600.999344, 1418.001984]], "group_id": null, "shape_type": "rectangle", "flags": {}}, {"label": "\u5de7\u514b\u529b_\u9ea6\u4e3d\u7d20", "points": [[299.99894400000005, 1650.0012480000003], [1247.998752, 2963.0018880000002]], "group_id": null, "shape_type": "rectangle", "flags": {}}, {"label": "\u5e72\u679c_\u6817\u5b50", "points": [[1458.998352, 1082.999232], [2417.999472, 2483.9982720000003]], "group_id": null, "shape_type": "rectangle", "flags": {}}, {"label": "\u725b\u5976_\u65fa\u4ed4\u725b\u5976\u7f50\u88c5", "points": [[1737.0007199999998, 120.00038399999998], [2452.001328, 973.0022399999999]], "group_id": null, "shape_type": "rectangle", "flags": {}}], "imagePath": "IMG_4023.jpg", "imageData": null, "imageHeight": 4032, "imageWidth": 3024}