{"version": "4.5.6", "flags": {}, "shapes": [{"label": "\u81a8\u5316\u98df\u54c1_\u4e50\u4e8b\u85af\u7247\u9ec4\u74dc\u5473", "points": [[1546.0003439999998, 1897.999488], [2611.999656, 3310.99776]], "group_id": null, "shape_type": "rectangle", "flags": {}}, {"label": "\u5de7\u514b\u529b_\u9ea6\u4e3d\u7d20", "points": [[1628.0006399999997, 236.998944], [2776.00176, 1201.997664]], "group_id": null, "shape_type": "rectangle", "flags": {}}, {"label": "\u996e\u54c1_\u4e09\u5f97\u5229\u4e4c\u9f99\u8336", "points": [[725.9988960000001, 917.9997119999999], [1493.000208, 1722.000672]], "group_id": null, "shape_type": "rectangle", "flags": {}}, {"label": "\u996e\u54c1_\u53ef\u4e50", "points": [[865.999512, 1841.0011200000001], [1591.000488, 2814.9992640000005]], "group_id": null, "shape_type": "rectangle", "flags": {}}, {"label": "\u725b\u5976_\u65fa\u4ed4\u725b\u5976\u7f50\u88c5", "points": [[1733.00148, 1247.000832], [2363.000472, 1856.002176]], "group_id": null, "shape_type": "rectangle", "flags": {}}], "imagePath": "IMG_3593.jpg", "imageData": null, "imageHeight": 4032, "imageWidth": 3024}