{
  "version": "4.5.6",
  "flags": {},
  "shapes": [
    {
      "label": "\u6ce1\u9762_\u8001\u575b\u9178\u83dc\u725b\u8089\u9762",
      "points": [
        [
          1425.616416,
          246.20803199999997
        ],
        [
          2912.95872,
          1605.254112
        ]
      ],
      "group_id": null,
      "shape_type": "rectangle",
      "flags": {}
    },
    {
      "label": "\u6ce1\u9762_\u9999\u8fa3\u725b\u8089\u9762",
      "points": [
        [
          453.10557600000004,
          2875.666752
        ],
        [
          1455.903288,
          4008.537792
        ]
      ],
      "group_id": null,
      "shape_type": "rectangle",
      "flags": {}
    },
    {
      "label": "\u6ce1\u9762_\u7ea2\u70e7\u725b\u8089\u9762",
      "points": [
        [
          75.113136,
          1838.4408000000003
        ],
        [
          1110.530736,
          2852.363808
        ]
      ],
      "group_id": null,
      "shape_type": "rectangle",
      "flags": {}
    },
    {
      "label": "\u5e72\u679c_\u6817\u5b50",
      "points": [
        [
          7.2666720000000495,
          435.403584
        ],
        [
          1513.3154399999999,
          1445.000256
        ]
      ],
      "group_id": null,
      "shape_type": "rectangle",
      "flags": {}
    },
    {
      "label": "\u996e\u54c1_\u519c\u592b\u5c71\u6cc9\u8309\u8389\u82b1\u8336",
      "points": [
        [
          1208.225592,
          1627.164
        ],
        [
          2894.36868,
          2169.00432
        ]
      ],
      "group_id": null,
      "shape_type": "rectangle",
      "flags": {}
    },
    {
      "label": "\u996e\u54c1_\u96ea\u78a7",
      "points": [
        [
          1672.9191360000002,
          2273.636736
        ],
        [
          2643.0788159999997,
          2820.1743360000005
        ]
      ],
      "group_id": null,
      "shape_type": "rectangle",
      "flags": {}
    }
  ],
  "imagePath": "brown_IMG_5683.jpg",
  "imageData": null,
  "imageHeight": 4032,
  "imageWidth": 3024
}