{"version": "4.5.6", "flags": {}, "shapes": [{"label": "\u81a8\u5316\u98df\u54c1_\u597d\u53cb\u8da3\u85af\u7247\u725b\u6392\u5473", "points": [[240.99919200000008, 1477.998144], [1887.999624, 2604.998592]], "group_id": null, "shape_type": "rectangle", "flags": {}}, {"label": "\u751c\u54c1_\u5965\u5229\u5965\u539f\u5473", "points": [[885.000816, 2930.997888], [2522.00088, 3538.9992960000004]], "group_id": null, "shape_type": "rectangle", "flags": {}}, {"label": "\u6ce1\u9762_\u8001\u575b\u9178\u83dc\u725b\u8089\u9762", "points": [[1709.001504, 83.99865599999995], [2957.0002560000003, 1484.997696]], "group_id": null, "shape_type": "rectangle", "flags": {}}, {"label": "\u725b\u5976_\u65fa\u4ed4\u725b\u5976\u7f50\u88c5", "points": [[740.999448, 543.001536], [1556.9986320000003, 1165.002048]], "group_id": null, "shape_type": "rectangle", "flags": {}}, {"label": "\u6ce1\u9762_\u9999\u8fa3\u725b\u8089\u9762", "points": [[1901.001312, 1759.00032], [2881.001088, 2737.00224]], "group_id": null, "shape_type": "rectangle", "flags": {}}], "imagePath": "IMG_4534.jpg", "imageData": null, "imageHeight": 4032, "imageWidth": 3024}