{
  "version": "4.5.6",
  "flags": {},
  "shapes": [
    {
      "label": "\u6ce1\u9762_\u8001\u575b\u9178\u83dc\u725b\u8089\u9762",
      "points": [
        [
          1460.9563919999998,
          312.86102400000004
        ],
        [
          2865.934008,
          1576.3245120000001
        ]
      ],
      "group_id": null,
      "shape_type": "rectangle",
      "flags": {}
    },
    {
      "label": "\u6ce1\u9762_\u9999\u8fa3\u725b\u8089\u9762",
      "points": [
        [
          323.58916800000003,
          182.14761600000003
        ],
        [
          1420.20648,
          1320.215904
        ]
      ],
      "group_id": null,
      "shape_type": "rectangle",
      "flags": {}
    },
    {
      "label": "\u6ce1\u9762_\u9c9c\u867e\u9c7c\u677f\u9762",
      "points": [
        [
          172.28181600000002,
          1544.552352
        ],
        [
          1395.4021200000002,
          2976.71472
        ]
      ],
      "group_id": null,
      "shape_type": "rectangle",
      "flags": {}
    },
    {
      "label": "\u996e\u54c1_\u519c\u592b\u5c71\u6cc9\u8309\u8389\u82b1\u8336",
      "points": [
        [
          1353.3428159999999,
          1811.76912
        ],
        [
          3007.144224,
          2365.5764160000003
        ]
      ],
      "group_id": null,
      "shape_type": "rectangle",
      "flags": {}
    },
    {
      "label": "\u751c\u54c1_\u5965\u5229\u5965\u539f\u5473",
      "points": [
        [
          1236.438,
          3074.2850880000005
        ],
        [
          2881.7540639999997,
          3679.040736
        ]
      ],
      "group_id": null,
      "shape_type": "rectangle",
      "flags": {}
    },
    {
      "label": "\u996e\u54c1_\u96ea\u78a7",
      "points": [
        [
          1744.846488,
          2415.724416
        ],
        [
          2722.9986000000004,
          2959.705728
        ]
      ],
      "group_id": null,
      "shape_type": "rectangle",
      "flags": {}
    }
  ],
  "imagePath": "brown_IMG_5664.jpg",
  "imageData": null,
  "imageHeight": 4032,
  "imageWidth": 3024
}