{
  "version": "4.5.6",
  "flags": {},
  "shapes": [
    {
      "label": "\u6ce1\u9762_\u9c9c\u867e\u9c7c\u677f\u9762",
      "points": [
        [
          1708.343784,
          1366.380288
        ],
        [
          3014.8599600000002,
          2817.68256
        ]
      ],
      "group_id": null,
      "shape_type": "rectangle",
      "flags": {}
    },
    {
      "label": "\u6ce1\u9762_\u756a\u8304\u9e21\u86cb\u725b\u8089\u9762",
      "points": [
        [
          583.0408080000001,
          1183.80528
        ],
        [
          1528.606296,
          2059.8419519999998
        ]
      ],
      "group_id": null,
      "shape_type": "rectangle",
      "flags": {}
    },
    {
      "label": "\u81a8\u5316\u98df\u54c1_\u5440\u571f\u8c46",
      "points": [
        [
          118.27015199999998,
          85.61750399999995
        ],
        [
          1916.766936,
          1375.256736
        ]
      ],
      "group_id": null,
      "shape_type": "rectangle",
      "flags": {}
    },
    {
      "label": "\u996e\u54c1_\u96ea\u78a7",
      "points": [
        [
          1842.5307599999999,
          2821.908096
        ],
        [
          2510.0878319999997,
          3849.2536320000004
        ]
      ],
      "group_id": null,
      "shape_type": "rectangle",
      "flags": {}
    },
    {
      "label": "\u751c\u54c1_\u5965\u5229\u5965\u5de7\u514b\u529b\u5473",
      "points": [
        [
          1128.1848479999999,
          2039.252544
        ],
        [
          1616.960016,
          3716.177472
        ]
      ],
      "group_id": null,
      "shape_type": "rectangle",
      "flags": {}
    },
    {
      "label": "\u996e\u54c1_\u53ef\u4e50",
      "points": [
        [
          1771.1099279999999,
          274.127616
        ],
        [
          2416.25916,
          1372.7266559999998
        ]
      ],
      "group_id": null,
      "shape_type": "rectangle",
      "flags": {}
    }
  ],
  "imagePath": "brown_IMG_5317.jpg",
  "imageData": null,
  "imageHeight": 4032,
  "imageWidth": 3024
}