{"version": "4.5.6", "flags": {}, "shapes": [{"label": "\u8c03\u5473\u54c1_\u5473\u7cbe", "points": [[686.99988, 2873.0016], [2182.9998960000003, 3897.000576]], "group_id": null, "shape_type": "rectangle", "flags": {}}, {"label": "\u996e\u54c1_\u96ea\u78a7", "points": [[2057.0019119999997, 2979.000864], [2818.0005840000003, 3919.001184]], "group_id": null, "shape_type": "rectangle", "flags": {}}, {"label": "\u8c03\u5473\u54c1_\u4e2d\u76d0", "points": [[1579.0012559999998, 1691.0006399999997], [2502.001656, 2927.002176]], "group_id": null, "shape_type": "rectangle", "flags": {}}, {"label": "\u996e\u54c1_\u4e09\u5f97\u5229\u4e4c\u9f99\u8336", "points": [[915.000408, 175.00089599999998], [2646.999432, 1210.9991040000002]], "group_id": null, "shape_type": "rectangle", "flags": {}}, {"label": "\u5e72\u679c_\u6817\u5b50", "points": [[535.001544, 1680.001344], [1424.000088, 3059.001792]], "group_id": null, "shape_type": "rectangle", "flags": {}}], "imagePath": "IMG_4258.jpg", "imageData": null, "imageHeight": 4032, "imageWidth": 3024}