{"version": "5.2.1", "flags": {}, "shapes": [{"label": "\u5927\u4f17_\u6851\u5854\u7eb3", "points": [[624.375, 618.75], [470.625, 516.25]], "group_id": null, "description": "", "shape_type": "rectangle", "flags": {}}, {"label": "\u6bd4\u4e9a\u8fea_S6", "points": [[1158.125, 503.75], [1738.125, 817.5]], "group_id": null, "description": "", "shape_type": "rectangle", "flags": {}}, {"label": "\u73b0\u4ee3_\u60a6\u52a8", "points": [[800.625, 540.0], [850.625, 581.25]], "group_id": null, "description": "", "shape_type": "rectangle", "flags": {}}], "imagePath": "1567.jpg", "imageData": null, "imageHeight": 1080, "imageWidth": 1920}